iter	Logloss
0	0.6638994087
1	0.6377594691
2	0.6139493763
3	0.5920143962
4	0.5723838543
5	0.553832184
6	0.5370645924
